/privacy-notice/ /privacy-policy/ 301!
/local-flyer/boxing-day-mattress-sale/ /local-flyer/current-local-flyer/ 301!
/industry-info/ /category/announcement/ 301!
/accessory-guide/ /category/how-to-user-guide/ 301!
/mattress-tips/ /category/tips/ 301!
/health-wellness-sleep/ /category/health-sleep-wellness/ 301!
/delivery/ /category/promotions/ 301!
/best-products/ /category/featured-brands/ 301!
/how-long-should-your-mattress-last/ /blog/how-long-should-your-mattress-last/ 301!
/products/beautyrest-memory-foam-mattress-10-medium/ /products/beautyrest-memory-foam-medium-mattress-10inch/ 301!
/products/beautyrest-memory-foam-mattress-8-firm/ /products/beautyrest-memory-foam-firm-mattress-8inch/ 301!
/products/sealy-posturepedic-tight-top-extra-firm-mattress-mississauga/ /products/sealy-posturepedic-tight-top-extra-firm-mattress/ 301!
/products/beautyrest-memory-foam-mattress-12-soft-toronto/ /products/beautyrest-memory-foam-soft-mattress-12inch/ 301!
/products/sealy-clearance-kobe-euro-top-firm-mattress-mississauga/ /products/sealy-kobe-euro-top-firm-mattress/ 301!
/products/sealy-clearance-kobe-euro-top-plush-mattress-sale-toronto/ /products/sealy-kobe-euro-top-plush-mattress/ 301!
/products/sealy-clearance-kobe-euro-top-plush-mattress/ /products/sealy-kobe-euro-top-plush-mattress/ 301!
/products/sealy-limited-edition-hockey-canada-mattress-firm/ /products/sealy-limited-edition-hockey-canada-firm-mattress/ 301!
/products/mattressville-promo-tight-top-mattress-sale/ /products/tight-top-mattress/ 301!
/products/promo-tight-top-mattress/ /products/tight-top-mattress/ 301!
/products/mattressville-promo-pocket-coil-mattress-sale-toronto/ /products/pocket-coil-euro-top-mattress/ 301!
/products/promo-pocket-coil-euro-top-mattress/ /products/pocket-coil-euro-top-mattress/ 301!
/products/mattressville-promo-euro-top-mattress-sale-toronto/ /products/euro-top-mattress/ 301!
/products/promo-euro-top-mattress/ /products/euro-top-mattress/ 301!
/products/doctor-firm-orthopedic-mattress-sale-toronto/ /products/doctor-firm-orthopedic-mattress/ 301!
/products/sealy-limited-edition-hockey-canada-firm-mattress/ /products/sealy-posturepedic-tight-top-firm-mattress/ 301!
/mattress-sale-richmond-hill/ /richmond-hill/ 301!
/contact-us/* /contact-us/ 301!
/all-mattresses/all-brands/ /all-mattresses/ 301!
/product/mattresses/ /all-mattresses/ 301!
/product/sealy-posturepedic-tight-top-firm-mattress-toronto/ /product/sealy-repreve-tight-top-firm-mattress/ 301!
/type/pocket-coil/ /all-mattresses/pocket-coil/ 301!
/type/latex/ /all-mattresses/organic-latex/ 301!
/type/memory-foam-type/ /all-mattresses/memory-foam/ 301!
/mattress-guide-stearns-foster-vs-tempurpedic/ /mattress-buying-guide/ 301!
/brands/tempurpedic-mattress/ /brands/tempur-pedic/ 301!
/all-mattresses/accessories/ /accessories/ 301!
/all-mattresses/accessories/* /accessories/ 301!
/product-category/accessories/* /accessories/ 301!
/all-mattresses/brand-tempur-pedic/ /brands/tempur-pedic/ 301!
/all-mattresses/brand-beautyrest /brands/beautyrest/ 301!
/brands/stearns-foster/ /brands/stearns-and-foster/ 301!
/all-mattresses/brand-stearns-and-foster/ /brands/stearns-and-foster/ 301!
/all-mattresses/accessories-furniture-beds/ /accessories/furniture-beds/ 301!
/all-mattresses/accessories-pillows/ /accessories/pillows/ 301!
/all-mattresses/accessories-tempur-pedic/ /brands/tempur-pedic/ 301!
/all-mattresses/brand-sealy/ /brands/sealy/ 301!
/all-mattresses/accessories-furniture/ /accessories/furniture-beds/ 301!
/all-mattresses/accessories-clearance/ /all-mattresses/clearance/ 301!
/all-mattresses/accessories-bedroom-furniture/ /accessories/furniture-beds/ 301!
/all-mattresses/brand-beaudoin/ /brands/beaudoin/ 301!
/all-mattresses/accessories-boxsprings/ /accessories/box-springs/ 301!
/all-mattresses/accessories-box-springs/ /accessories/box-springs/ 301!
/all-mattresses/brand-kingsdown/ /brands/kingsdown/ 301!
/all-mattresses/accessories-adjustable-beds/ /accessories/adjustable-beds/ 301!
/all-mattresses/accessories-bed-frames/ /accessories/bed-frames/ 301!
/brands/beautyrest-black/ /brands/beautyrest/ 301!
/all-mattresses/accessories-metal-frames/ /accessories/bed-frames/ 301!
/all-mattresses/accessories-mattress-protectors/ /accessories/mattress-protectors/ 301!
/firmness/extra-firm/ /all-mattresses/extra-firm/ 301!
/all-mattresses/accessories-bed-and-mattress-accessories-metal-frames/ /accessories/ 301!
/all-mattresses/brand-galaxy-bedding/ /brands/galaxy-bedding/ 301!
/mattress-selector/ /mattress-matchmaker/ 301!
/shop/ /all-products/ 301!
/product-category/brands/ /all-products/ 301!
/product-category/clearance/ /all-mattresses/clearance/ 301!
/product-category/clearance/* /all-mattresses/clearance/ 301!
/product-category/available-in-store/ /all-products/ 301!
/product-category/adjustable-beds/ /accessories/adjustable-beds/ 301!
/product-category/brands/beaudoin/ /brands/beaudoin/ 301!
/product-category/accessories/ /accessories/ 301!
/product-category/accessories/metal-frames/ /accessories/metal-frames/ 301!
/product-category/brands/tempurpedic-mattress/ /brands/tempur-pedic/ 301!
/product-category/type/ /all-mattresses/ 301!
/product-category/type/memory-foam/ /all-mattresses/memory-foam/ 301!
/product-category/style/ /all-mattresses/ 301!
/product-category/firmness/ /all-mattresses/soft/ 301!
/product-category/firmness/medium/ /all-mattresses/medium/ 301!
/product-category/firmness/soft/ /all-mattresses/soft/ 301!
/product-category/featured-products/ /all-mattresses/featured-products/ 301!
/product-category/brands/tuff-avenue/ /all-mattresses/tuff-avenue/ 301!
/product-category/furniture/ /all-mattresses/furniture-beds/ 301!
/product-category/furniture/beds/ /all-mattresses/furniture-beds/ 301!
/product-category/brands/galaxy-bedding-organic-latex/ /brands/galaxy-bedding/ 301!
/product-category/type/foam/ /all-mattresses/foam/ 301!
/product-category/style/tight-top/ /all-mattresses/tight-top/ 301!
/product-category/firmness/firm/ /all-mattresses/firm/ 301!
/product-category/style/euro-top/ /all-mattresses/pillow-top-euro-top/ 301!
/product-category/bed-in-a-box/ /all-mattresses/mattress-in-a-box/ 301!
/product-category/bed-in-a-box/ /all-mattresses/mattress-in-a-box/ 301!
/product-category/brands/galaxy-bedding-organic-latex/galaxy-100-organic-latex/ /brands/galaxy-bedding/ 301!
/product-category/style/organic-latex/ /all-mattresses/organic-latex/ 301!
/product-category/style/hybrid/ /all-mattresses/hybrid/ 301!
/product-category/firmness/plush/ /all-mattresses/plush/ 301!
/product-category/brands/sealy/ /brands/sealy/ 301!
/product-category/type/titanium-continuous-coil/ /all-mattresses/continuous-coil/ 301!
/product-category/firmness/extra-firm/ /all-mattresses/extra-firm/ 301!
/product-category/type/continuous-coil/ /all-mattresses/continuous-coil/ 301!
/product-category/brands/serta-icomfort/ /brands/serta-icomfort/ 301!
/product-category/firmness/luxury-firm/ /all-mattresses/firmness/luxury-firm/ 301!
/product-category/brands/simmons-beautyrest/ /brands/beautyrest/ 301!
/product-category/accessories/boxsprings/ /accessories/boxsprings/ 301!
/product-category/type/hybrid-type/ /all-mattresses/hybrid/ 301!
/product-category/brands/beautyrest-black/ /brands/beautyrest/ 301!
/product-category/brands/kingsdown/ /brands/kingsdown/ 301!
/product-category/brands/sealy/sealy-posturepedic/ /brands/sealy/ 301!
/mattresses/stearns-foster/ /brands/stearns-and-foster/ 301!
/product-category/brands/stearns-foster/ /brands/stearns-and-foster/ 301!
/product-category/accessories/pillows/ /accessories/pillows/ 301!
/product-category/frames/ /accessories/bed-frames/ 301!
/product-category/memory-foam-type/ /all-mattresses/memory-foam/ 301!
/product-category/tuffavenue/ /all-mattresses/tuffavenue/ 301!
/product-category/hybrid-style/ /all-mattresses/hybrid/ 301!
/product-category/serta-icomfort-mattress/ /brands/serta-icomfort/ 301!
/product-category/kingsdown-mattress/ /brands/kingsdown/ 301!
/product-category/style/pillow-top/ /all-mattresses/pillow-top-euro-top/ 301!
/product-category/accessories/metal-frames/ /accessories/metal-frames/ 301!
/product-category/brands/tempurpedic-mattress/ /brands/tempur-pedic/ 301!
/product-category/type/ /all-mattresses/ 301!
/product-category/type/memory-foam/ /all-mattresses/memory-foam/ 301!
/product-category/style/ /all-mattresses/ 301!
/product-category/firmness/ /all-mattresses/soft/ 301!
/product-category/firmness/medium/ /all-mattresses/medium/ 301!
/product-category/firmness/soft/ /all-mattresses/soft/ 301!
/product-category/featured-products/ /all-mattresses/featured-products/ 301!
/product-category/brands/tuff-avenue/ /all-mattresses/tuff-avenue/ 301!
/product-category/furniture/ /all-mattresses/furniture-beds/ 301!
/product-category/furniture/beds/ /all-mattresses/furniture-beds/ 301!
/product-category/brands/galaxy-bedding-organic-latex/ /brands/galaxy-bedding/ 301!
/product-category/type/foam/ /all-mattresses/foam/ 301!
/product-category/style/tight-top/ /all-mattresses/tight-top/ 301!
/product-category/firmness/firm/ /all-mattresses/firm/ 301!
/product-category/style/euro-top/ /all-mattresses/pillow-top-euro-top/ 301!
/product-category/brands/galaxy-bedding-organic-latex/galaxy-100-organic-latex/ /brands/galaxy-bedding/ 301!
/product-category/style/organic-latex/ /all-mattresses/organic-latex/ 301!
/product-category/style/hybrid/ /all-mattresses/hybrid/ 301!
/product-category/firmness/plush/ /all-mattresses/plush/ 301!
/product-category/brands/sealy/ /brands/sealy/ 301!
/product-category/type/titanium-continuous-coil/ /all-mattresses/continuous-coil/ 301!
/product-category/firmness/extra-firm/ /all-mattresses/extra-firm/ 301!
/product-category/type/continuous-coil/ /all-mattresses/continuous-coil/ 301!
/product-category/brands/serta-icomfort/ /brands/serta-icomfort/ 301!
/product-category/firmness/luxury-firm/ /all-mattresses/firmness/luxury-firm/ 301!
/product-category/brands/simmons-beautyrest/ /brands/beautyrest/ 301!
/product-category/accessories/boxsprings/ /accessories/boxsprings/ 301!
/product-category/type/hybrid-type/ /all-mattresses/hybrid/ 301!
/product-category/brands/beautyrest-black/ /brands/beautyrest/ 301!
/product-category/brands/kingsdown/ /brands/kingsdown/ 301!
/product-category/brands/sealy/sealy-posturepedic/ /brands/sealy/ 301!
/product-category/accessories/pillows/ /accessories/pillows/ 301!
/product-category/frames/ /accessories/bed-frames/ 301!
/product-category/memory-foam-type/ /all-mattresses/memory-foam/ 301!
/all-mattresses/memory-foam-mattresses/ /all-mattresses/memory-foam/ 301!
/page-data/all-mattresses/memory-foam-mattresses/page-data.json /page-data/all-mattresses/memory-foam/page-data.json 301!
/product-category/tuffavenue/ /all-mattresses/tuffavenue/ 301!
/product-category/hybrid-style/ /all-mattresses/hybrid/ 301!
/product-category/serta-icomfort-mattress/ /brands/serta-icomfort/ 301!
/product-category/kingsdown-mattress/ /brands/kingsdown/ 301!
/product-category/style/pillow-top/ /all-mattresses/pillow-top-euro-top/ 301!
/all-mattresses/style-euro-top/ /all-mattresses/pillow-top-euro-top/ 301!
/blogs/ /blog/ 301!
/bed-in-a-box/ /all-mattresses/bed-in-a-box/ 301!
/brands/simmons-beautyrest/ /brands/beautyrest/ 301!
/blogs/how-to-buy-a-mattress-online/ /blog/how-to-buy-a-mattress-online/ 301!
/blogs/how-to-set-up-your-bed-in-a-box-memory-foam-mattress/ /blog/how-to-set-up-your-bed-in-a-box-memory-foam-mattress/ 301!
/blogs/why-adjustable-beds-aren-t-only-for-the-elderly/ /blog/why-adjustable-beds-aren-t-only-for-the-elderly/ 301!
/blogs/what-type-of-mattress-is-best-for-someone-with-scoliosis/ /blog/what-type-of-mattress-is-best-for-someone-with-scoliosis/ 301!
/blogs/are-memory-foam-mattresses-good-for-people-with-arthritis/ /blog/are-memory-foam-mattresses-good-for-people-with-arthritis/ 301!
/blogs/how-to-care-for-your-stearns-and-foster-mattress/ /blog/how-to-care-for-your-stearns-and-foster-mattress/ 301!
/blogs/the-pros-and-cons-of-buying-a-stearns-and-foster-mattress/ /blog/the-pros-and-cons-of-buying-a-stearns-and-foster-mattress/ 301!
/blogs/how-to-prevent-dust-mites-from-getting-into-your-mattress/ /blog/how-to-prevent-dust-mites-from-getting-into-your-mattress/ 301!
/blogs/best-tips-and-mattresses-to-help-prevent-snoring/ /blog/best-tips-and-mattresses-to-help-prevent-snoring/ 301!
/blogs/how-long-should-your-mattress-last/ /blog/how-long-should-your-mattress-last/ 301!
/blogs/6-tips-to-help-you-sleep-better-during-covid-19/ /blog/6-tips-to-help-you-sleep-better-during-covid-19/ 301!
/blogs/10-advantages-of-pocket-coil-mattresses/ /blog/10-advantages-of-pocket-coil-mattresses/ 301!
/blogs/6-myths-about-mattresses/ /blog/6-myths-about-mattresses/ 301!
/blogs/tempur-pedic-mattresses-for-back-pain/ /blog/tempur-pedic-mattresses-for-back-pain/ 301!
/blogs/best-beds-to-stay-comfortable-in-while-social-distancing/ /blog/best-beds-to-stay-comfortable-in-while-social-distancing/ 301!
/blogs/whats-the-best-type-of-mattress-for-your-posture/ /blog/whats-the-best-type-of-mattress-for-your-posture/ 301!
/blogs/5-tips-for-buying-a-mattress-on-black-friday-and-cyber-monday/ /blog/5-tips-for-buying-a-mattress-on-black-friday-and-cyber-monday/ 301!
/local-flyer/black-friday-mattress-sale/ /mattress-sale-flyers/ 301!
/blog/canada-wide-flyer/ /canada-flyer/canada-wide-flyer/ 301!
/all-mattresses/memory-foam-mattresses/ /all-mattresses/memory-foam/ 301!
/product/* /products/:splat 301!
/products/copy-of-stearns-and-foster-lux-estate-euro-top-firm-mattress/ /products/stearns-and-foster-lux-estate-pillow-top-ultra-plush-mattress/ 301!